"accuracy","macroPrecision","macroRecall","macroF1","kappa","kappa_w"
0.925278219395866,0.93369715390992,0.871890512948626,0.89670875131113,0.80037678771591,0.842232425764114
