"accuracy","macroPrecision","macroRecall","macroF1","kappa","kappa_w"
0.945945945945946,0.968253968253968,0.866666666666667,0.906683480453972,0.814303638644919,0.814303638644919
