"accuracy","macroPrecision","macroRecall","macroF1","kappa","kappa_w"
0.711051212938005,0.709282209237234,0.711193448253476,0.709535507464208,0.419641358812503,0.419641358812503
