"accuracy","macroPrecision","macroRecall","macroF1","kappa","kappa_w"
0.96875,0.968804891900102,0.967898554863769,0.968334249587685,0.936669613288826,0.936669613288826
