"accuracy","macroPrecision","macroRecall","macroF1","kappa","kappa_w"
0.983673469387755,0.978412698412698,0.986137993327066,0.982082784847155,0.964171465131158,0.964171465131158
