"accuracy","macroPrecision","macroRecall","macroF1","kappa","kappa_w"
0.991735537190083,0.982229744251021,0.961342632038703,0.971274699867442,0.981923598070456,0.978531126908837
