"accuracy","macroPrecision","macroRecall","macroF1","kappa","kappa_w"
0.952380952380952,0.959459459459459,0.948275862068966,0.951600512163892,0.903423607562596,0.903423607562596
