"accuracy","macroPrecision","macroRecall","macroF1","kappa","kappa_w"
0.88034188034188,0.899651739483672,0.781934523809524,0.894996399354927,0.835397563120211,0.816276057001531
