"accuracy","macroPrecision","macroRecall","macroF1","kappa","kappa_w"
0.946308724832215,0.974914965986395,0.94183994352458,0.95528303064345,0.926451533288085,0.965401584148198
