"accuracy","macroPrecision","macroRecall","macroF1","kappa","kappa_w"
0.790697674418605,0.794871794871795,0.627692649344881,0.64405283102167,0.322241681260946,0.322241681260946
