"accuracy","macroPrecision","macroRecall","macroF1","kappa","kappa_w"
0.952380952380952,0.955523590333717,0.948809523809524,0.95146240547867,0.902994011976048,0.902994011976048
