"accuracy","macroPrecision","macroRecall","macroF1","kappa","kappa_w"
0.983288166214995,0.892094021379435,0.937466435143747,0.913376159885796,0.826783275043242,0.826783275043242
