"accuracy","macroPrecision","macroRecall","macroF1","kappa","kappa_w"
0.797979797979798,0.753338334583646,0.714685314685315,0.728804273387207,0.460269865067466,0.460269865067466
