"accuracy","macroPrecision","macroRecall","macroF1","kappa","kappa_w"
0.951219512195122,0.951499118165785,0.941887226697353,0.946366279069767,0.892763731473409,0.892763731473409
