"accuracy","macroPrecision","macroRecall","macroF1","kappa","kappa_w"
0.980952380952381,0.980952380952381,0.980952380952381,0.980952380952381,0.971428571428571,0.978571428571429
