"accuracy","macroPrecision","macroRecall","macroF1","kappa","kappa_w"
0.849925705794948,0.84958125445474,0.848364585552951,0.848879373400653,0.69779166907492,0.69779166907492
