"accuracy","macroPrecision","macroRecall","macroF1","kappa","kappa_w"
0.973333333333333,0.987767584097859,0.944444444444444,0.963466440101954,0.940793368857312,0.958982772764561
