"accuracy","macroPrecision","macroRecall","macroF1","kappa","kappa_w"
0.983582089552239,0.980508681829298,0.983388442764919,0.981922583525268,0.963845965170468,0.963845965170468
