"accuracy","macroPrecision","macroRecall","macroF1","kappa","kappa_w"
0.783257624918884,0.830086127301056,0.676200487472421,0.693169895365363,0.41563708448667,0.41563708448667
