"accuracy","macroPrecision","macroRecall","macroF1","kappa","kappa_w"
0.898617511520737,0.880940369286651,0.857142857142857,0.865534689805082,0.836175834734566,0.865699755132793
