"accuracy","macroPrecision","macroRecall","macroF1","kappa","kappa_w"
0.977049180327869,0.972862503350308,0.979719931115744,0.975992083572288,0.951997661712795,0.951997661712795
