"accuracy","macroPrecision","macroRecall","macroF1","kappa","kappa_w"
0.979899497487437,0.977284946236559,0.979864864864865,0.978545052693997,0.957091261926581,0.957091261926581
