"accuracy","macroPrecision","macroRecall","macroF1","kappa","kappa_w"
0.953069657615112,0.940922619047619,0.570726238885621,0.611113076309454,0.235485793761176,0.235485793761176
