"accuracy","macroPrecision","macroRecall","macroF1","kappa","kappa_w"
0.963571428571429,0.963679331790914,0.963571428571429,0.963605545658795,0.951428571428571,0.961142857142857
