"accuracy","macroPrecision","macroRecall","macroF1","kappa","kappa_w"
0.976987447698745,0.969101123595506,0.982315112540193,0.975056334353282,0.950141288475033,0.950141288475033
