"data","iter","CBA","RIPPER","SBRL"
"vowel",1,NA,0.063309907913208,NA
"vowel",2,NA,0.0975971221923828,NA
"vowel",3,NA,0.0562698841094971,NA
"vowel",4,NA,0.0795760154724121,NA
"vowel",5,NA,0.0670289993286133,NA
"vowel",6,NA,0.0671031475067139,NA
"vowel",7,NA,0.059995174407959,NA
"vowel",8,NA,0.0668501853942871,NA
"vowel",9,NA,0.0855541229248047,NA
"vowel",10,NA,0.0673239231109619,NA
