"RF","Pre-Forest-ORE","Forest-ORE","Forest-ORE+STEL","RPART","STEL","RIPPER"
NA,0.0151499627787211,0.0454049260875469,0.0463264438726527,0.0405025974629713,0.0672516261870943,0.0730936275778712
-0.0299685289370652,NA,0.0217513716538323,0.0326850594913596,0.0172133810027239,0.0499606812400767,0.0468609696242437
-0.0692591602883312,-0.0422328245826525,NA,0.0022168519083788,-0.0138269096129545,0.0148488566783312,0.0124844018088716
-0.0748625695058339,-0.057248659207796,-0.0234463947694427,NA,-0.0230074937536389,0.0113678695633129,0.00772568491559737
-0.0675709451222058,-0.0392700754121821,-0.0073208558593459,-0.00270875560831447,NA,0.0142751274867697,0.00773081081472773
-0.103381556167232,-0.0828968525553248,-0.0431903288664042,-0.0325528133049988,-0.0500081749076193,NA,-0.0178335538735573
-0.10563196189908,-0.082758370083087,-0.0439534124389245,-0.0413819587822283,-0.0430276491181728,-0.0175067248946061,NA
