"RF","Pre-Forest-ORE","Forest-ORE","Forest-ORE+STEL","RPART","GRRFR","STEL","CBA","RIPPER"
NA,4.48998944250923e-08,1.04122424525873e-19,4.31396163733754e-19,2.96592308383927e-16,1.24972614585992e-25,5.56758380958425e-18,2.31298503598852e-24,8.58701714868982e-18
4.48998944250923e-08,NA,8.95348084285515e-09,7.07649769936954e-11,2.52359761212499e-08,6.60905837641779e-25,4.70686314241238e-14,6.03897899604839e-24,4.0003234382219e-08
1.04122424525873e-19,8.95348084285515e-09,NA,0.0453972846585085,0.401125165474681,1.70372293156235e-21,5.63743180648206e-05,1.24946145472634e-21,0.00052747845208155
4.31396163733754e-19,7.07649769936954e-11,0.0453972846585085,NA,0.948606743406981,2.72801446554306e-22,7.62414214747807e-05,2.54229480523347e-21,0.000576201983922116
2.96592308383927e-16,2.52359761212499e-08,0.401125165474681,0.948606743406981,NA,1.07627522038756e-15,0.0299412044371183,7.4390036564471e-17,0.216605387599431
1.24972614585992e-25,6.60905837641779e-25,1.70372293156235e-21,2.72801446554306e-22,1.07627522038756e-15,NA,2.01880929288476e-17,0.104681838409674,4.2301768418167e-12
5.56758380958425e-18,4.70686314241238e-14,5.63743180648206e-05,7.62414214747807e-05,0.0299412044371183,2.01880929288476e-17,NA,2.93905703174501e-19,0.218795506259505
2.31298503598852e-24,6.03897899604839e-24,1.24946145472634e-21,2.54229480523347e-21,7.4390036564471e-17,0.104681838409674,2.93905703174501e-19,NA,1.37925289226047e-18
8.58701714868982e-18,4.0003234382219e-08,0.00052747845208155,0.000576201983922116,0.216605387599431,4.2301768418167e-12,0.218795506259505,1.37925289226047e-18,NA
