"RF","Pre-Forest-ORE","Forest-ORE","Forest-ORE+STEL","RPART","STEL","RIPPER","SBRL"
NA,0.552492043935211,0.682227083767592,0.958538567539528,1.37550586582235e-05,0.000982484431677994,1.22450622602739e-24,1.63026959688355e-09
0.552492043935211,NA,0.525265405067813,0.929955515688007,0.000204045725683022,3.80610686596509e-05,7.9669966095207e-26,3.3940457868915e-10
0.682227083767592,0.525265405067813,NA,0.268933167021633,8.7441554512073e-05,0.000111129824830275,1.66800045812266e-25,1.21897184982396e-09
0.958538567539528,0.929955515688007,0.268933167021633,NA,6.49720055112738e-06,4.65193455186685e-05,1.57912092732098e-25,8.59391276439468e-10
1.37550586582235e-05,0.000204045725683022,8.7441554512073e-05,6.49720055112738e-06,NA,0.260900729767094,1.12280028679049e-25,7.01218171358236e-08
0.000982484431677994,3.80610686596509e-05,0.000111129824830275,4.65193455186685e-05,0.260900729767094,NA,8.4509029637004e-22,0.000532309758320939
1.22450622602739e-24,7.9669966095207e-26,1.66800045812266e-25,1.57912092732098e-25,1.12280028679049e-25,8.4509029637004e-22,NA,1.13058922335881e-14
1.63026959688355e-09,3.3940457868915e-10,1.21897184982396e-09,8.59391276439468e-10,7.01218171358236e-08,0.000532309758320939,1.13058922335881e-14,NA
