"RF","Pre-Forest-ORE","Forest-ORE","Forest-ORE+STEL","RPART","STEL","RIPPER"
NA,0.0102255275562146,0.00890695415226459,0.00959771150469231,0.0471816523090889,0.102426955301736,0.13886045470028
-0.010260045118451,NA,-0.00360094266653589,-0.00416924857769653,0.0432988053748507,0.098799973195501,0.127045618033097
-0.00890568549835224,0.00358619594031532,NA,-1.86101289104906e-05,0.041273355250902,0.0977197980352598,0.133893032816265
-0.00958361824432013,0.00420780825151198,-1.63325225038264e-05,NA,0.0390163281785253,0.0938872695834665,0.135447904706042
-0.0471815546583508,-0.043289089248934,-0.0412901352888515,-0.0390117496178985,NA,0.0534318467803377,0.0803267331945049
-0.102447934156891,-0.0987799875923856,-0.0977104633027176,-0.0938661148021958,-0.0534451077125417,NA,0.0323675138637806
-0.13890586766739,-0.127043897704289,-0.133882280149234,-0.135436183905954,-0.0802766215929395,-0.0323512202710166,NA
