"RF","Pre-Forest-ORE","Forest-ORE","Forest-ORE+STEL","RPART","GRRFR","STEL","CBA","RIPPER"
NA,0.0252127303730769,0.041886707473917,0.039979518993259,0.0561692429450528,0.129520853728049,0.0483342087100134,0.116839539643682,0.0683928845534579
-0.0121801904052277,NA,0.0201261200134376,0.0260295125150527,0.032073662185999,0.104137267630981,0.0302453348458856,0.1008423692972,0.0490598924713635
-0.022387237936095,-0.00479911871932881,NA,0.0153883377353031,0.0189081467521957,0.0940151981614895,0.0154913158374848,0.0877075856019972,0.0371894722389433
-0.0176353515533417,-0.00388624774459394,0.0062600613666805,NA,0.0216263746842179,0.089744923545831,0.0131113668481823,0.0854527869378498,0.0408754767133246
-0.0337369062712027,-0.0138590624249972,4.94716168183924e-05,0.00148349178005587,NA,0.0760854071621474,0.00606990819622011,0.0716222751404347,0.0219982095200318
-0.0930053946684243,-0.072461993119884,-0.0607678165045732,-0.0539797700765393,-0.0429321580333202,NA,-0.0531016422786069,0.0125022507794582,-0.0302591739410963
-0.0250727452176632,-0.0109405661612155,0.00200790595328146,0.00460962954844571,0.0146572116973476,0.0878752890724193,NA,0.0815568986862493,0.0336688465071896
-0.0790148959021873,-0.0670250019832949,-0.0557456231499541,-0.0537113354437703,-0.0396340092409213,0.0245573960773513,-0.0510390440855166,NA,-0.0211418662076366
-0.0455096919431855,-0.0233708082387849,-0.0115329603859268,-0.0144333247798152,0.00487526465653988,0.0687855979983699,-0.00411046727400571,0.0598542590749195,NA
