"RF","Pre-Forest-ORE","Forest-ORE","Forest-ORE+STEL","RPART","STEL","RIPPER"
NA,0.0223294679580952,0.0571243980264601,0.0593153450911382,0.0518210845577071,0.0841971428132755,0.0892822221049995
-0.0223165236897822,NA,0.0319931087065885,0.0442061506722678,0.0269794180891365,0.0664665560505472,0.064547736861384
-0.0570528156854238,-0.0320258569707942,NA,0.0122211286318692,-0.00387896938777932,0.0275330761795379,0.0289112362629287
-0.0593527640187217,-0.0441792850349563,-0.0122276602286763,NA,-0.0101724891402735,0.0219457880743797,0.0247926610396728
-0.0518627697993749,-0.0269884976728476,0.00386903909695882,0.0101510877843321,NA,0.0309381043558771,0.0247296472789643
-0.0841675221830192,-0.0664703911287039,-0.0275118937536227,-0.0219338326056325,-0.0309434969285711,NA,5.69303988103654e-05
-0.0892945089173679,-0.0645531846701198,-0.0289130051823925,-0.0247935463048074,-0.0247479266538908,-4.69460131108552e-05,NA
