"RF","Pre-Forest-ORE","Forest-ORE","Forest-ORE+STEL","RPART","STEL","RIPPER","SBRL"
NA,0.0207681892471079,0.0385426813982365,0.0392001254160413,0.0383674124411651,0.0435991176329468,0.0522861364609019,0.0827520863673485
-0.0073796341466942,NA,0.0317233072628966,0.0322651060826969,0.0276623917383667,0.0383134877851283,0.0406888868272025,0.0688492755397929
-0.0177528197219085,-0.0112212300482754,NA,0.0109617833516801,0.0101460397433854,0.0123538614608775,0.0193185902702257,0.0488777274141339
-0.0168353103643631,-0.0103183518523601,0.0101551112660465,NA,0.0125509926713726,0.0108320988175128,0.0194670363023325,0.0485032171044295
-0.018707452303264,-0.00462692426953682,0.0125678547201172,0.0118344346728155,NA,0.021817027232219,0.0282306679864619,0.0624184241744264
-0.0219776949693842,-0.0139306822255424,0.0082197977930893,0.00866269349960774,0.00460109461723341,NA,0.0176811804725183,0.0414812496905582
-0.0230962357532099,-0.0118119821164298,0.00477764072084227,0.00484894416137488,0.00211114717303646,0.00772631116018703,NA,0.0414104948976133
-0.0469367431707266,-0.0336933269253786,-0.00930668863723888,-0.00854665403014451,-0.0210521342020899,-0.00315759975398815,-0.0116829656458462,NA
