"RF","Pre-Forest-ORE","Forest-ORE","Forest-ORE+STEL","RPART","STEL","RIPPER"
NA,0.010215761260112,0.00285706575466713,-0.00173381454673394,0.0496014064929282,0.0251583602571091,0.111441751718739
-0.00187881563037415,NA,-0.00195109253995486,-0.00654809220028651,0.0438248787856586,0.0202878167159304,0.106799409733245
0.00420307855008532,0.00876869356613528,NA,-0.00531345728667579,0.0368165883722336,0.0241823937830024,0.111089027200302
0.0101645829209094,0.0149431778765427,0.010673689099904,NA,0.0418355981832156,0.0301775560818023,0.11846872843848
-0.0241757435029009,-0.0214456673674862,-0.0212979581083304,-0.0263839866193446,NA,-0.00563052092493978,0.0732617193110773
-0.00792780151383506,-0.00465910495554813,-0.00810014653715773,-0.0121652515308545,0.0205697735870318,NA,0.092028448701499
-0.0744664472449789,-0.0652671777716348,-0.0697315437673232,-0.0768147572773758,-0.0252450381592809,-0.0545612442343954,NA
