"RF","Pre-Forest-ORE","Forest-ORE","Forest-ORE+STEL","RPART","STEL","RIPPER"
NA,0.0144173208737615,0.00381875390255886,-0.00427328252963674,0.0530173639137685,0.0212484768048865,0.0615396311094292
-0.0144169149214404,NA,-0.00848367450461436,-0.0172178554054074,0.0382545266948819,0.012649640348543,0.0474598808520535
-0.00384697744199547,0.0085002490148144,NA,-0.00874626691993216,0.0498523861275995,0.0180579013131453,0.0551891162884539
0.00426926610388114,0.0172244649698354,0.00873189663579916,NA,0.0552742441688143,0.0238781456706662,0.0625905247472741
-0.0530149868169499,-0.0382473737585618,-0.0498399981762445,-0.0552409917340229,NA,-0.0227605256360862,0.00669589408878654
-0.021245395316571,-0.0126488191546982,-0.0180555281589387,-0.0238743013453914,0.0227566843898982,NA,0.044563264943387
-0.0615316037190802,-0.0474761764887473,-0.0551836145130889,-0.0626023521729569,-0.00668219611530604,-0.0446141600298764,NA
