"RF","Pre-Forest-ORE","Forest-ORE","Forest-ORE+STEL","RPART","STEL","RIPPER"
NA,1.01081453525572e-08,4.10096130823534e-20,4.64488394500292e-19,4.40013979536508e-17,3.14807200280149e-20,1.34640460923087e-19
1.01081453525572e-08,NA,4.46499855749494e-10,5.0514343377005e-12,1.69379056233568e-08,3.75569210032147e-16,2.55321767600859e-11
4.10096130823534e-20,4.46499855749494e-10,NA,0.0196794164971711,0.441650306221721,1.23829295683855e-05,0.0005508641806332
4.64488394500292e-19,5.0514343377005e-12,0.0196794164971711,NA,0.122466257781074,6.43565001516433e-05,0.00483066114322696
4.40013979536508e-17,1.69379056233568e-08,0.441650306221721,0.122466257781074,NA,0.000121669572140287,0.00443842603364873
3.14807200280149e-20,3.75569210032147e-16,1.23829295683855e-05,6.43565001516433e-05,0.000121669572140287,NA,0.99515205879201
1.34640460923087e-19,2.55321767600859e-11,0.0005508641806332,0.00483066114322696,0.00443842603364873,0.99515205879201,NA
