"RF","Pre-Forest-ORE","Forest-ORE","Forest-ORE+STEL","RPART","STEL","RIPPER"
NA,0.00743907662728789,0.0367297893390422,0.0428615323241666,1.23439060531175e-15,2.16793222627605e-15,2.21648443099464e-18
0.00743907662728789,NA,0.411146303356117,0.429292518542777,1.03294175928364e-12,6.04648097336356e-11,5.58426304241588e-16
0.0367297893390422,0.411146303356117,NA,0.990856916068617,2.28389397759083e-08,6.57975862534317e-13,9.66760496506998e-16
0.0428615323241666,0.429292518542777,0.990856916068617,NA,2.00742896474794e-07,3.27155082628428e-12,6.97033663444619e-14
1.23439060531175e-15,1.03294175928364e-12,2.28389397759083e-08,2.00742896474794e-07,NA,0.00014691361379113,1.55106290280137e-07
2.16793222627605e-15,6.04648097336356e-11,6.57975862534317e-13,3.27155082628428e-12,0.00014691361379113,NA,0.0948607762621211
2.21648443099464e-18,5.58426304241588e-16,9.66760496506998e-16,6.97033663444619e-14,1.55106290280137e-07,0.0948607762621211,NA
