"RF","Pre-Forest-ORE","Forest-ORE","Forest-ORE+STEL","RPART","STEL","RIPPER","SBRL"
NA,0.000176738153089978,2.21945397089573e-05,2.75758274816464e-06,4.8840230449807e-09,3.01756420210245e-06,3.19323780680912e-06,1.2194774351427e-06
0.000176738153089978,NA,0.00719783223383528,0.00211472667740559,5.82062250306501e-06,0.000917944271619749,0.000226812934595177,6.3746740206965e-06
2.21945397089573e-05,0.00719783223383528,NA,0.360080488566302,0.0676994036772953,0.658831817554498,0.0621791475178927,0.00498374649780305
2.75758274816464e-06,0.00211472667740559,0.360080488566302,NA,0.0746746869012984,0.730228484020666,0.165077088799412,0.0262795706383034
4.8840230449807e-09,5.82062250306501e-06,0.0676994036772953,0.0746746869012984,NA,0.503538197538866,0.825555447629154,0.16801301996938
3.01756420210245e-06,0.000917944271619749,0.658831817554498,0.730228484020666,0.503538197538866,NA,0.237931241830467,0.0484276826248589
3.19323780680912e-06,0.000226812934595177,0.0621791475178927,0.165077088799412,0.825555447629154,0.237931241830467,NA,0.030475459425428
1.2194774351427e-06,6.3746740206965e-06,0.00498374649780305,0.0262795706383034,0.16801301996938,0.0484276826248589,0.030475459425428,NA
