"RF","Pre-Forest-ORE","Forest-ORE","Forest-ORE+STEL","RPART","STEL","RIPPER"
NA,0.0180884529757743,0.0175657376425903,0.0191377777482871,0.0625612460846854,0.129634407311176,0.163861616800468
-0.00317138551417388,NA,0.00531112151287549,0.00643047393814332,0.0553203266897151,0.127361510916753,0.15527479530865
-0.000700601746381723,0.0119003037050342,NA,0.0070693815585668,0.0589475168178309,0.124227463410581,0.161872916842352
-0.000425659221673047,0.0147501166385797,0.00665104584029917,NA,0.0580506200593627,0.124867900775891,0.167227291111235
-0.0354499963113946,-0.0325507594623757,-0.0252500385706832,-0.022145037752494,NA,0.0847248561653375,0.109319713095221
-0.0766094760897876,-0.0700086121581177,-0.0710893864791222,-0.0668608492498247,-0.0230895741683545,NA,0.0698892275430925
-0.114314616067764,-0.101012353300247,-0.107753759498575,-0.106447880183262,-0.0566189528259873,0.00616437203352542,NA
