"RF","Pre-Forest-ORE","Forest-ORE","Forest-ORE+STEL","RPART","STEL","RIPPER"
NA,0.00887895236514098,0.00213063180346361,-0.0053798745329528,0.0518210845577071,0.0530317373881426,0.171596733956
-0.00883718134839202,NA,-0.00630611581760602,-0.0193963048022483,0.0565373303913673,0.0508690850930123,0.176885262822429
-0.0021296660799004,0.00630789357340661,NA,-0.0143361284219714,0.05317969462184,0.0521242663289444,0.182774393940029
0.00537395450390646,0.0194074798659387,0.0143109759835958,NA,0.0606959520502237,0.0620014109883877,0.199623811808213
-0.0518627697993749,-0.0565451516603213,-0.0532112359217274,-0.0607174521027295,NA,-0.0003440624837466,0.101888049994361
-0.0530200528547056,-0.0508773673486756,-0.0521072930690904,-0.0620369138576141,0.000348760227494348,NA,0.107741919254241
-0.171614989804782,-0.176875500722858,-0.182735170080448,-0.199594691480129,-0.101920307743078,-0.107695390255383,NA
