"RF","Pre-Forest-ORE","Forest-ORE","Forest-ORE+STEL","RPART","STEL","RIPPER"
NA,0.00809080945147505,-0.00269200517487309,-0.0115064737794086,0.0409464154282487,0.00909752964876575,0.0443022424907718
-0.02069371013365,NA,-0.018550018055637,-0.0280265972806728,0.0240409613131147,0.000948683149864486,0.0325738221674235
-0.00992775904942974,0.000370671684862627,NA,-0.015826693917862,0.0380847829416139,0.00689106726577528,0.0369039248198666
-0.00303034706343759,0.00685484498701136,0.00310678269437966,NA,0.0419462618992492,0.0112823928770428,0.0451224335725959
-0.0657488160082162,-0.0501563769859067,-0.0616422666713683,-0.0699032558739003,NA,-0.0356681929951361,-0.0135393798654624
-0.0345248760825702,-0.024317323173482,-0.0303233719965155,-0.0384375343657738,0.0137560333516757,NA,0.0246801582524476
-0.07901701868211,-0.06686983954521,-0.0763418958594025,-0.0832653612002412,-0.0282511460755394,-0.0656878347292668,NA
