"RF","Pre-Forest-ORE","Forest-ORE","Forest-ORE+STEL","RPART","STEL","RIPPER","SBRL"
NA,0.0200005555789364,0.01321770302323,0.0116160325866817,0.0383674124411651,0.0515998977871148,0.624544855391523,0.193231560683724
-0.00697339737258767,NA,0.0071671693285685,0.00475657625352443,0.0281950112439741,0.0499814696170068,0.638651639346518,0.198332607134802
0.0038517574484475,0.00950145594980101,NA,0.000577263643522107,0.0328850463870695,0.040444865394591,0.687244569295191,0.222530802382318
0.007431196878705,0.0115814094741351,0.0193439442968084,NA,0.0383497117528339,0.0437620147117705,0.693317593931273,0.240440148717017
-0.018707452303264,-0.00514255885260814,-0.0102650821290543,-0.0151758223180179,NA,0.034914554320469,0.604176101447202,0.196225020033103
-0.0131796953615291,-0.00905371987144359,-0.00961985255222077,-0.0118210075666945,0.0122935122442935,NA,0.626164473317105,0.195219885115489
-0.478165811288684,-0.488958751612612,-0.536168925266284,-0.549969220583539,-0.487876576642982,-0.483768835538307,NA,-0.585369498727537
-0.086860129069683,-0.0776761907808141,-0.0955899145313883,-0.105647255707579,-0.0903566460181086,-0.0525366902019449,0.71504642504986,NA
