"RF","Pre-Forest-ORE","Forest-ORE","Forest-ORE+STEL","RPART","STEL","RIPPER","SBRL"
NA,0.00120299314832774,0.0121225941001946,0.0129341179281883,0.0127532231014137,0.0155709548005252,0.0154750921033431,0.0312829407447618
-0.0012197912039799,NA,0.0127682430798686,0.0125716100340979,0.0130973232027651,0.0170503179438622,0.014926928977015,0.0294580354948503
-0.0121226580718008,-0.0127933014309664,NA,0.00167150090939143,0.000708651373867307,0.00202736421668428,0.00361447306633346,0.0156806188654555
-0.0129483644163046,-0.0126104078843899,-0.00167378405992235,NA,0.000230946293282203,0.000200740008232724,0.00280771435745893,0.0139163939477498
-0.0127617922492887,-0.0130825389961362,-0.000708742189186794,-0.000231280829512547,NA,0.00373693648924699,0.00428877356281328,0.0200117431419543
-0.0155605158843844,-0.0170522657733992,-0.00204851380087748,-0.000201762521377461,-0.00373670035540041,NA,0.000642706617979717,0.0114375073569861
-0.0154714795349967,-0.0149264361223295,-0.00358595487421128,-0.00284862702667564,-0.00427382944246766,-0.000642706617979717,NA,0.0147841085685567
-0.0313195265646406,-0.0294619109713039,-0.0156926626414644,-0.0139313563197245,-0.0199925064111526,-0.0114561164091571,-0.0147635109502335,NA
