"RF","Pre-Forest-ORE","Forest-ORE","Forest-ORE+STEL","RPART","STEL","RIPPER","SBRL"
NA,0.0011411586239673,0.000806861534319769,-9.37622154540589e-05,0.0127532231014137,0.0176544348791854,0.261769652050657,0.0556402542445956
-0.001155080680062,NA,0.00135218495381743,0.000229314293372831,0.0132628682584521,0.0199269776753869,0.266234349399793,0.0589333768408738
-0.000797529568968806,-0.00133859622432198,NA,-0.0023060705197348,0.0116162619571089,0.0157411643809859,0.29780494320042,0.0667272478654333
4.88733814827233e-05,-0.000233839576344766,0.00227790466982214,NA,0.0133782163913121,0.0171482848924195,0.30501974924245,0.0721355634126821
-0.0127617922492887,-0.0132471286899954,-0.0116310079638107,-0.0134115161790237,NA,0.0063103814453918,0.262360942311907,0.0598143459198631
-0.0176307297892423,-0.0199378268136625,-0.0157506902984677,-0.0171520727687481,-0.00627839788815228,NA,0.266560471436445,0.0488182250966703
-0.261767866311045,-0.266234349399793,-0.29780494320042,-0.30501974924245,-0.262360942311907,-0.266560471436445,NA,-0.333979379008643
-0.0556205559982258,-0.0588864148517124,-0.0667413767791423,-0.0721093217294469,-0.0598232365426206,-0.048777542272663,0.333979379008643,NA
