"RF","Pre-Forest-ORE","Forest-ORE","Forest-ORE+STEL","RPART","GRRFR","STEL","CBA","RIPPER"
NA,7.31891750434322e-08,8.07802611066237e-11,4.76608576514673e-07,2.52098437370325e-15,7.74139824951589e-22,1.04154750883291e-10,1.17481181307018e-20,1.73921602390523e-18
7.31891750434322e-08,NA,0.00182669960754244,0.00729482359688282,7.67660464933712e-08,2.78362203665484e-19,2.86388150398173e-05,2.01843319306291e-17,2.18273378271012e-08
8.07802611066237e-11,0.00182669960754244,NA,0.40397367930065,0.0506519755933705,2.81651443347358e-16,0.130292457165046,3.66473036866066e-15,0.000171632124497803
4.76608576514673e-07,0.00729482359688282,0.40397367930065,NA,0.0889958950160513,2.84017943191713e-14,0.37015600448572,2.0813270253094e-15,5.51347259732916e-05
2.52098437370325e-15,7.67660464933712e-08,0.0506519755933705,0.0889958950160513,NA,1.77526013130032e-11,0.436562479243347,9.29160921897665e-10,0.194642311028514
7.74139824951589e-22,2.78362203665484e-19,2.81651443347358e-16,2.84017943191713e-14,1.77526013130032e-11,NA,3.77480868345268e-14,0.520102017587118,7.18591739952275e-07
1.04154750883291e-10,2.86388150398173e-05,0.130292457165046,0.37015600448572,0.436562479243347,3.77480868345268e-14,NA,5.28627420055504e-14,0.0114274323382016
1.17481181307018e-20,2.01843319306291e-17,3.66473036866066e-15,2.0813270253094e-15,9.29160921897665e-10,0.520102017587118,5.28627420055504e-14,NA,4.42834143198008e-05
1.73921602390523e-18,2.18273378271012e-08,0.000171632124497803,5.51347259732916e-05,0.194642311028514,7.18591739952275e-07,0.0114274323382016,4.42834143198008e-05,NA
