"RF","Pre-Forest-ORE","Forest-ORE","Forest-ORE+STEL","RPART","STEL","RIPPER","SBRL"
NA,0.0036710720035674,0.00263197056190394,0.00233360706349355,0.0101089531051501,0.00365127459183415,0.00697106193469436,-0.00621569759167332
-0.0117903364979846,NA,-0.00195628152276264,-0.00211724102696902,0.00304897239421552,-0.00013463577155198,0.00365693659056825,-0.0073618653327513
-0.0132647482244333,-0.0075750493346505,NA,-0.00883396407214219,0.000398509252312557,-0.00485386138514656,-0.000763095226592498,-0.00863868749205679
-0.0128165444988378,-0.00846368762491211,-0.004529496983346,NA,0.00217622730106156,-0.0032266137402353,4.28509198505556e-06,-0.00821379419309563
-0.0204381195427917,-0.0148473993796402,-0.0131087646979357,-0.0146303835395195,NA,-0.010501731608701,-0.00533244848171555,-0.0189038774622912
-0.0147741933879516,-0.0125365713083452,-0.00742099553610237,-0.00743793609340741,-0.00231644656901289,NA,-0.000959404246031821,-0.0113300157941544
-0.02182157728471,-0.018319105883093,-0.0130912694922585,-0.0142170575524502,-0.00900590007558215,-0.0143025330992063,NA,-0.0149662347565502
-0.0143116901768811,-0.0131773035680002,-0.00869218746448238,-0.00703237419789232,-0.000385234552873555,-0.00531039897087352,-0.00074435977780881,NA
