"RF","Pre-Forest-ORE","Forest-ORE","Forest-ORE+STEL","RPART","STEL","RIPPER"
NA,3.12725165025467e-06,1.82872141313262e-06,1.40735006369775e-06,4.30055826714585e-15,1.54952581668801e-12,1.13590254119393e-15
3.12725165025467e-06,NA,0.544452831451926,0.517868679701839,2.00989725176786e-08,2.17922588229076e-07,5.97961015803723e-09
1.82872141313262e-06,0.544452831451926,NA,0.506499479881096,1.92507987676071e-08,1.48735435273736e-06,4.0417486378126e-06
1.40735006369775e-06,0.517868679701839,0.506499479881096,NA,2.65384389094708e-08,2.20034321086968e-06,4.62294789125732e-07
4.30055826714585e-15,2.00989725176786e-08,1.92507987676071e-08,2.65384389094708e-08,NA,0.3936353750909,0.922402499909576
1.54952581668801e-12,2.17922588229076e-07,1.48735435273736e-06,2.20034321086968e-06,0.3936353750909,NA,0.070195686015537
1.13590254119393e-15,5.97961015803723e-09,4.0417486378126e-06,4.62294789125732e-07,0.922402499909576,0.070195686015537,NA
