"RF","Pre-Forest-ORE","Forest-ORE","Forest-ORE+STEL","RPART","GRRFR","STEL","CBA","RIPPER"
NA,0.00376240705721008,0.69204763784039,0.00579134194662801,2.96592308383927e-16,1.8593027453993e-25,2.21900908219393e-05,2.06598325887505e-15,1.01738276784311e-16
0.00376240705721008,NA,0.00383811092064677,8.00688963962754e-07,2.72638220404838e-12,8.71812151263281e-25,0.000999745142388043,1.25940367032035e-14,4.65850890143182e-15
0.69204763784039,0.00383811092064677,NA,1.76488387740305e-07,8.37082252663818e-17,4.17589344531935e-26,5.3132989825006e-05,1.03941501310701e-14,1.28442473215447e-15
0.00579134194662801,8.00688963962754e-07,1.76488387740305e-07,NA,2.96847612802441e-19,1.90323296385857e-26,1.33312609680289e-06,1.029872490276e-15,7.20481227441257e-17
2.96592308383927e-16,2.72638220404838e-12,8.37082252663818e-17,2.96847612802441e-19,NA,4.69309971693855e-13,0.000379776940383948,9.53164831610648e-05,4.01438566962211e-05
1.8593027453993e-25,8.71812151263281e-25,4.17589344531935e-26,1.90323296385857e-26,4.69309971693855e-13,NA,4.11582971387992e-24,6.31089847331398e-05,0.617982236212138
2.21900908219393e-05,0.000999745142388043,5.3132989825006e-05,1.33312609680289e-06,0.000379776940383948,4.11582971387992e-24,NA,3.0545216856426e-08,1.90355140736084e-11
2.06598325887505e-15,1.25940367032035e-14,1.03941501310701e-14,1.029872490276e-15,9.53164831610648e-05,6.31089847331398e-05,3.0545216856426e-08,NA,0.0437575400212161
1.01738276784311e-16,4.65850890143182e-15,1.28442473215447e-15,7.20481227441257e-17,4.01438566962211e-05,0.617982236212138,1.90355140736084e-11,0.0437575400212161,NA
