"RF","Pre-Forest-ORE","Forest-ORE","Forest-ORE+STEL","RPART","STEL","RIPPER","SBRL"
NA,0.0015473564529963,0.00579961993336942,0.00805921471030267,5.23573021967874e-07,0.00426437278786711,0.000549617378532362,0.420758408901545
0.0015473564529963,NA,0.236801208899616,0.224362773249875,0.00265398915822896,0.0560362215484869,0.00358954210703023,0.573800284554661
0.00579961993336942,0.236801208899616,NA,0.595641486344515,0.0370366556477573,0.703809378986346,0.080492107838359,0.999410632697069
0.00805921471030267,0.224362773249875,0.595641486344515,NA,0.00744033180565588,0.485054061132316,0.0500429025043162,0.886849252503777
5.23573021967874e-07,0.00265398915822896,0.0370366556477573,0.00744033180565588,NA,0.186651029993533,0.65233091385072,0.0597001460477836
0.00426437278786711,0.0560362215484869,0.703809378986346,0.485054061132316,0.186651029993533,NA,0.0802808409907434,0.480149876371345
0.000549617378532362,0.00358954210703023,0.080492107838359,0.0500429025043162,0.65233091385072,0.0802808409907434,NA,0.0752405097605744
0.420758408901545,0.573800284554661,0.999410632697069,0.886849252503777,0.0597001460477836,0.480149876371345,0.0752405097605744,NA
