"RF","Pre-Forest-ORE","Forest-ORE","Forest-ORE+STEL","RPART","STEL","RIPPER"
NA,0.0118996591891956,0.0250525938123014,0.0268164755740915,0.0337725354566045,0.0368944899621536,0.0465580065992607
-0.0118814316940562,NA,0.0141611097431891,0.0202050532332602,0.0193542737669058,0.0310446767654486,0.0313256483967826
-0.025031896541258,-0.0141345662937246,NA,0.00633067362203861,0.00193516588298816,0.0148500693662484,0.0157716304876988
-0.026809755311544,-0.0202434141603256,-0.00639196030850238,NA,-0.00017652553321101,0.0131251148075246,0.0158645350616793
-0.0337561667062787,-0.0193563157732445,-0.00193940752632822,0.000178363783403725,NA,0.00771724902550841,0.00712867107356642
-0.0368651014435936,-0.0310165242129225,-0.0148570924269805,-0.0131251148075246,-0.00772651460645051,NA,0.00531880324733231
-0.0465514548161082,-0.0313355734025252,-0.0158025660060951,-0.0158213476534124,-0.0071116781519974,-0.00531559099526097,NA
