"RF","Pre-Forest-ORE","Forest-ORE","Forest-ORE+STEL","RPART","GRRFR","STEL","CBA","RIPPER"
NA,0.00628857112475561,-0.00075175949943111,-0.00579660696130045,0.0337725354566045,0.0914469692367867,0.0154833419915066,0.0561828448602659,0.0925298851878375
-0.00626959220865047,NA,-0.00542516580808362,-0.0103980906534509,0.0311407966199775,0.0861929000047496,0.0116448610382513,0.0485887828419702,0.0861305437091388
0.000719037507778423,0.0054242170647191,NA,-0.00785000394308834,0.0281928849592699,0.0912844608535033,0.015798886416815,0.0556001188936842,0.0908331024257079
0.00579451175726643,0.0103770803189884,0.00789180200136978,NA,0.0331042939034044,0.0959093860490118,0.0204266594513334,0.0597635637039542,0.0968856837567064
-0.0337561667062787,-0.0311152902801851,-0.0281838289630659,-0.0331129562248098,NA,0.0540958942418011,-0.0130938372748816,0.0221786424685446,0.0486237792970943
-0.0914514183723729,-0.0862511006180592,-0.09126971640489,-0.095921916118665,-0.0540796622405991,NA,-0.0687698336144328,-0.0312863468106645,-0.00567381113558048
-0.0154856681743084,-0.011617857021604,-0.0158029769739272,-0.0204240455399192,0.0130959758824159,0.0687859367703651,NA,0.0398369980812253,0.0740988040624599
-0.0562065466029324,-0.0485696441593389,-0.0555837955485089,-0.0597454100026734,-0.02219963821514,0.031257873673329,-0.0398373343070721,NA,0.0251179924590835
-0.0924976053963369,-0.0861578541435399,-0.0908154235608855,-0.0968977558809102,-0.0486041644571837,0.00567285205330922,-0.0740958842897329,-0.0251177458524839,NA
