"RF","Pre-Forest-ORE","Forest-ORE","Forest-ORE+STEL","RPART","GRRFR","STEL","CBA","RIPPER"
NA,0.0118996591891956,0.0250525938123014,0.0268164755740915,0.0337725354566045,0.0965721949102562,0.0368944899621536,0.109020175996718,0.0465580065992607
-0.0118814316940562,NA,0.0141611097431891,0.0202050532332602,0.0193542737669058,0.0888523537745562,0.0310446767654486,0.0974876930824787,0.0313256483967826
-0.025031896541258,-0.0141345662937246,NA,0.00633067362203861,0.00193516588298816,0.073914678908587,0.0148500693662484,0.0852357898617518,0.0157716304876988
-0.026809755311544,-0.0202434141603256,-0.00639196030850238,NA,-0.00017652553321101,0.0632375386212631,0.0131251148075246,0.0772287185130925,0.0158645350616793
-0.0337561667062787,-0.0193563157732445,-0.00193940752632822,0.000178363783403725,NA,0.0649821418509272,0.00771724902550841,0.0777438105741399,0.00712867107356642
-0.096593326939255,-0.0888523537745562,-0.0739097159514412,-0.0632591441497161,-0.0649797416302168,NA,-0.0495563346417563,0.0102151049712253,-0.0499562572880352
-0.0368651014435936,-0.0310165242129225,-0.0148570924269805,-0.0131251148075246,-0.00772651460645051,0.0495668748502298,NA,0.0636720618973575,0.00531880324733231
-0.108940466560797,-0.0975272948626391,-0.0852458247939477,-0.0772685210407054,-0.0777157719861823,-0.0102573898661753,-0.063703806447924,NA,-0.0533428474616091
-0.0465514548161082,-0.0313355734025252,-0.0158025660060951,-0.0158213476534124,-0.0071116781519974,0.0499671969815721,-0.00531559099526097,0.0533199230943526,NA
