"RF","Pre-Forest-ORE","Forest-ORE","Forest-ORE+STEL","RPART","STEL","RIPPER","SBRL"
NA,0.00799160152149355,0.0082808314243671,0.00787131905966675,0.0152110806733621,0.00971738638937678,0.0145813473779468,0.00436204944917667
-0.00798497455058072,NA,0.00288226483761442,0.00324747907776623,0.00871575671797538,0.00592364111159157,0.0110611241163801,0.00300091599319731
-0.00824116209507675,-0.00288759588188467,NA,-0.00148150724765747,0.00647892290403139,0.0010300393209296,0.00606000809064619,2.34684554342337e-05
-0.00787915357326586,-0.00322965708702009,0.0014722797755048,NA,0.00821441616027325,0.00176562082540502,0.00695177700535799,-0.000571823152562518
-0.0152176502151047,-0.00875329116045788,-0.00647299845475518,-0.0082322764860853,NA,-0.00414804816592738,0.00171690815771058,-0.00868968532348946
-0.00973094361148867,-0.00592381287086862,-0.00102595650644818,-0.00175480040677979,0.00416693978631331,NA,0.00682130429808585,-0.00288190337313439
-0.0145782131854262,-0.0110444592634617,-0.00607364303477742,-0.00694670644007028,-0.00171718432605962,-0.00680629533652751,NA,-0.00688891789467492
-0.00432854767928741,-0.0030110513756686,-1.72608755666416e-05,0.000570928481451822,0.00866830051591295,0.00289607397336765,0.00686631019465243,NA
