"RF","Pre-Forest-ORE","Forest-ORE","Forest-ORE+STEL","RPART","GRRFR","STEL","CBA","RIPPER"
NA,0.0149069552996334,0.00701515518305458,-0.00195956752417778,0.0561692429450528,0.120469774036441,0.0248899787581086,0.0111957640028626,0.00649244631709605
-0.00272308823372874,NA,-0.0032074350371987,-0.0147929556012081,0.0515024556182647,0.108915587026588,0.017534566983125,0.00345094381359822,-0.000460341828012576
0.00812179369308731,0.0169718815250472,NA,-0.00793244440793158,0.0647551658593111,0.124916773565293,0.0294224929816172,0.00991514464874784,0.0136535636745754
0.0245428045065655,0.0363817579910401,0.0247077418143395,NA,0.0906538693444834,0.145530090716726,0.045614266473673,0.0196976944657127,0.0365551869565283
-0.0337369062712027,-0.0287372342140777,-0.0354641965494484,-0.0472319334849022,NA,0.0690565267737933,-0.0210463827028223,-0.0408142939970345,-0.0452628915527002
-0.0862158650000315,-0.0762788312025193,-0.0885750070457574,-0.105042626225464,-0.0329796160590446,NA,-0.0758792415410847,-0.0878776865811354,-0.0795372863658264
0.000137220065230814,0.00840998850966969,-0.00290085845272993,-0.0179925726808363,0.0504122362437429,0.116629577480827,NA,-0.00101910715830654,0.00698972103692794
0.0349822332151985,0.0410165041966802,0.0273162128850514,0.0174260845260986,0.0813559970171843,0.140139387723741,0.0484281102686781,NA,0.026849400653844
0.0246497456143794,0.0329116894047721,0.0186649921191122,-0.000354759514548562,0.0802353159552888,0.127736856918155,0.0295293294615591,0.0271731081324568,NA
