"RF","Pre-Forest-ORE","Forest-ORE","Forest-ORE+STEL","RPART","STEL","RIPPER"
NA,4.48998944250923e-08,1.04122424525873e-19,4.31396163733754e-19,2.96592308383927e-16,5.56758380958425e-18,8.58701714868982e-18
4.48998944250923e-08,NA,8.95348084285515e-09,7.07649769936954e-11,2.52359761212499e-08,4.70686314241238e-14,4.0003234382219e-08
1.04122424525873e-19,8.95348084285515e-09,NA,0.0453972846585085,0.401125165474681,5.63743180648206e-05,0.00052747845208155
4.31396163733754e-19,7.07649769936954e-11,0.0453972846585085,NA,0.948606743406981,7.62414214747807e-05,0.000576201983922116
2.96592308383927e-16,2.52359761212499e-08,0.401125165474681,0.948606743406981,NA,0.0299412044371183,0.216605387599431
5.56758380958425e-18,4.70686314241238e-14,5.63743180648206e-05,7.62414214747807e-05,0.0299412044371183,NA,0.218795506259505
8.58701714868982e-18,4.0003234382219e-08,0.00052747845208155,0.000576201983922116,0.216605387599431,0.218795506259505,NA
