"RF","Pre-Forest-ORE","Forest-ORE","Forest-ORE+STEL","RPART","STEL","RIPPER"
NA,0.0094130883304313,0.040154080327222,0.046603966763417,0.0354499963113946,0.0639881192742289,0.0412080516780827
-0.025946252109743,NA,0.0183617122307385,0.0278774119777686,0.0201209058324143,0.0436335101617935,0.0144488828122986
-0.0685565434026651,-0.0438482654159349,NA,0.00384346847160424,-0.0142318183022604,0.0189281762067312,-0.0107786655414617
-0.0825420777725209,-0.0660995639384751,-0.0341774535513392,NA,-0.0328666820469901,0.0130122970373424,-0.0220705719997968
-0.0625612460846854,-0.0382609974670414,-0.00818575490475155,-0.00272135958727867,NA,0.016128565826147,-0.0192064373439006
-0.114680968260739,-0.0968908986448775,-0.0590040239037835,-0.0353136044553711,-0.0634941679089688,NA,-0.0595835106940696
-0.0670014452536259,-0.0472547762948838,-0.0169516567445114,-0.00927758822485245,-0.0188255036759051,0.0138259405723867,NA
