"RF","Pre-Forest-ORE","Forest-ORE","Forest-ORE+STEL","RPART","STEL","RIPPER"
NA,4.42645910740993e-05,0.238724293537787,0.246839550426766,4.30055826714585e-15,0.000493711405129199,4.51788241010275e-13
4.42645910740993e-05,NA,0.0402088328100785,0.00123024248177464,4.12980647517753e-09,0.0353759401728248,4.10866055781467e-10
0.238724293537787,0.0402088328100785,NA,0.00373629381782312,4.33449215122557e-14,0.00133604894006343,2.34701302459699e-10
0.246839550426766,0.00123024248177464,0.00373629381782312,NA,2.33476957844271e-15,7.83498236032499e-05,2.03864507072716e-12
4.30055826714585e-15,4.12980647517753e-09,4.33449215122557e-14,2.33476957844271e-15,NA,1.683626392152e-06,0.484334180622157
0.000493711405129199,0.0353759401728248,0.00133604894006343,7.83498236032499e-05,1.683626392152e-06,NA,1.13634898154238e-05
4.51788241010275e-13,4.10866055781467e-10,2.34701302459699e-10,2.03864507072716e-12,0.484334180622157,1.13634898154238e-05,NA
