"RF","Pre-Forest-ORE","Forest-ORE","Forest-ORE+STEL","RPART","STEL","RIPPER","SBRL"
NA,0.00481698890408185,0.00558606465421125,0.00484982777063146,0.0182236522932867,0.027580356094378,0.299323362146379,0.0835305285478195
0.00269818297960299,NA,0.00565590472995398,0.00455511333984415,0.0196852067682572,0.0299701088612028,0.315410567275744,0.0914357096818091
0.00378154580498931,0.00257557925004204,NA,0.00195434267661314,0.0176448987717899,0.0252213284145412,0.339952484788147,0.101797963855707
0.00546730089414817,0.00382477777716356,0.00802797000138895,NA,0.020143900646038,0.0267305100534915,0.342580224497005,0.107232670938895
-0.00717973988215633,-0.00658650788790246,-0.00613524437898412,-0.00804343920413065,NA,0.018341955704708,0.294136796508926,0.0870065742428887
-0.00779772721189578,-0.0103584657240396,-0.00745840544081477,-0.00879388940311882,0.00449780207966551,NA,0.304678162336845,0.0893464108956504
-0.234874806162674,-0.241628017166015,-0.261697151135598,-0.268259021699898,-0.235225522264489,-0.23483213922066,NA,-0.293607185120414
-0.0365108253896285,-0.0358678709946266,-0.0419348914249417,-0.0465692042139095,-0.0375007901945971,-0.0181446396566677,0.360562603765189,NA
