"RF","Pre-Forest-ORE","Forest-ORE","Forest-ORE+STEL","RPART","GRRFR","STEL","CBA","RIPPER"
NA,0.0184333090354877,0.0320833212852309,0.0281637890196777,0.0440189541132969,0.109966268968678,0.0355720091704929,0.0976619817149164,0.0568224022313683
-0.0184547180658446,NA,0.0124275374005667,0.0146975033301913,0.0225099330580526,0.0883470310342778,0.0203517063115706,0.0837534550056922,0.0356653962020489
-0.032055668312484,-0.0124411051474798,NA,0.00418499270075352,0.00908170178902647,0.0776552025021394,0.00636677461581014,0.0719130300028331,0.0238259066248249
-0.0281787586494111,-0.0147173885994844,-0.00419342550139647,NA,0.00923239979836576,0.0720019831611955,0.00399007228353481,0.0684283316177999,0.0269420258281812
-0.0439906425718087,-0.0224690518446688,-0.00907591642105425,-0.00925367823958193,NA,0.0589466903283712,-0.00399108134739533,0.0553635342352496,0.00876564290251553
-0.109968831385542,-0.0883456139754615,-0.0776418639826625,-0.0720479483709614,-0.0589522741818296,NA,-0.0694332982550424,-0.00608736033062647,-0.0491979927996468
-0.0355619423635144,-0.0203320981952983,-0.00636093727035891,-0.00396040868289362,0.0040165375397943,0.0694562153229136,NA,0.0658134458968188,0.0186528875019079
-0.0976665491182466,-0.0837371653549455,-0.071920263418106,-0.0684281701715777,-0.0553563389632651,0.00611093688137742,-0.0658454993085629,NA,-0.0389890541012331
-0.0568350784158279,-0.035660748458796,-0.0238373577062207,-0.0269563904290603,-0.00875799555486971,0.0491920137088738,-0.0186511054939089,0.038981776157572,NA
