"RF","Pre-Forest-ORE","Forest-ORE","Forest-ORE+STEL","RPART","STEL","RIPPER","SBRL"
NA,0.000468120671001231,0.425512880827277,0.0167507266764768,4.8840230449807e-09,0.808322076805003,2.58419389072242e-15,0.0733430103751182
0.000468120671001231,NA,0.000637587655591752,4.44239246988055e-06,2.61328960461421e-06,0.261818126335658,7.62756961447776e-16,0.216227834120711
0.425512880827277,0.000637587655591752,NA,0.00309099657514128,3.46477195601192e-12,0.17609064866077,2.96398307461568e-19,0.00255857214433754
0.0167507266764768,4.44239246988055e-06,0.00309099657514128,NA,2.72401289248644e-15,0.006845312476235,8.17153170572936e-20,0.000734078299437732
4.8840230449807e-09,2.61328960461421e-06,3.46477195601192e-12,2.72401289248644e-15,NA,1.31219887641171e-05,3.13991461191168e-13,0.68421509444471
0.808322076805003,0.261818126335658,0.17609064866077,0.006845312476235,1.31219887641171e-05,NA,8.53619448506547e-17,0.00683918429197854
2.58419389072242e-15,7.62756961447776e-16,2.96398307461568e-19,8.17153170572936e-20,3.13991461191168e-13,8.53619448506547e-17,NA,7.4685892403566e-12
0.0733430103751182,0.216227834120711,0.00255857214433754,0.000734078299437732,0.68421509444471,0.00683918429197854,7.4685892403566e-12,NA
