"RF","Pre-Forest-ORE","Forest-ORE","Forest-ORE+STEL","RPART","STEL","RIPPER"
NA,0.0164251153375322,0.0538007093719182,0.0637926221121916,0.0471816523090889,0.084830348691108,0.0534730267238741
-0.016414077934139,NA,0.0305512630969026,0.0460619685431678,0.0288307417541127,0.0668722115363268,0.0308269735529234
-0.0537910529856845,-0.0305421163300453,NA,0.0158592520812536,-0.00308803592753435,0.0359373350800829,0.00346959055042251
-0.0637529523191165,-0.0460426741599408,-0.0158330153296708,NA,-0.0132529709825746,0.0236141945033246,-0.00529770989549653
-0.0471815546583508,-0.0288115302884204,0.00311465781954129,0.0132474987991913,NA,0.036282063707502,0.00104877761125829
-0.084830348691108,-0.0668722115363268,-0.0359165508543692,-0.0236174103826451,-0.0363021463595574,NA,-0.0335003159647182
-0.0534300440764133,-0.0308108264866255,-0.00351146126091047,0.00525488912048424,-0.00104325925853106,0.0334964497246795,NA
