"RF","Pre-Forest-ORE","Forest-ORE","Forest-ORE+STEL","RPART","STEL","RIPPER"
NA,0.111951773935376,0.0609500788753242,0.0814677311574295,NA,0.168532867890286,0.581954093338187
-0.0520595577867539,NA,0.0399476196342642,0.0680534909844407,-0.0520595577867539,0.142507015891603,0.575420694599542
-0.0414667398129697,-0.0314992389766178,NA,0.075013074804913,-0.0414667398129697,0.108549020500878,0.537048153429291
-0.0579545126493468,-0.0489884955214264,-0.0239951137365907,NA,-0.0579545126493468,0.072541515422303,0.523066962204344
NA,0.111951773935376,0.0609500788753242,0.0814677311574295,NA,0.168532867890286,0.581954093338187
-0.10999434147009,-0.0949391842514885,-0.0579790295738076,-0.0215081489692724,-0.10999434147009,NA,0.456504175869967
-0.494459991363215,-0.484416533617043,-0.441028790662642,-0.419498873887928,-0.494459991363215,-0.335910504871968,NA
