"RF","Pre-Forest-ORE","Forest-ORE","Forest-ORE+STEL","RPART","STEL","RIPPER"
NA,0.0111659169678106,0.0121230290919887,0.0119035672592696,0.0409464154282487,0.0316617038900843,0.0380865588947251
-0.0262845433715016,NA,-0.00697147620718902,-0.0075693667877161,0.0205991611667337,0.0181816993052969,0.023717805786068
-0.027399780674533,-0.0123780066552789,NA,-0.00993785657086558,0.0220450095376287,0.0151505130039448,0.0172699373743342
-0.0257733045543314,-0.0134175513735062,-0.00530817726804356,NA,0.0211667571854482,0.014109635479963,0.0192585325576136
-0.0657488160082162,-0.04496301388658,-0.0449864812478687,-0.0463969877952125,NA,-0.0129174755081841,-0.0160420042798324
-0.0547833390578133,-0.0408550841517893,-0.0358849009146269,-0.034814477865908,-0.00510011891028855,NA,-0.000874112126402032
-0.0629871418547788,-0.0508910257254247,-0.0442698027163305,-0.0460218032881931,-0.0157190682017623,-0.0261800447916716,NA
