"RF","Pre-Forest-ORE","Forest-ORE","Forest-ORE+STEL","RPART","STEL","RIPPER"
NA,0.0196994167176348,0.484383338432155,0.170238658566454,4.40013979536508e-17,2.92598681393384e-10,1.29935504693761e-21
0.0196994167176348,NA,0.0871134182374035,2.22486647886248e-05,6.95573288008043e-13,9.4663297831942e-08,1.2780969229713e-21
0.484383338432155,0.0871134182374035,NA,7.3480448371916e-07,4.93231874216534e-15,1.72012622898276e-08,9.92416245583139e-21
0.170238658566454,2.22486647886248e-05,7.3480448371916e-07,NA,1.5874177714958e-16,2.51756933112544e-10,9.90864022618048e-22
4.40013979536508e-17,6.95573288008043e-13,4.93231874216534e-15,1.5874177714958e-16,NA,0.966706440225592,2.02544937459356e-07
2.92598681393384e-10,9.4663297831942e-08,1.72012622898276e-08,2.51756933112544e-10,0.966706440225592,NA,5.64225556899632e-10
1.29935504693761e-21,1.2780969229713e-21,9.92416245583139e-21,9.90864022618048e-22,2.02544937459356e-07,5.64225556899632e-10,NA
