"RF","Pre-Forest-ORE","Forest-ORE","Forest-ORE+STEL","RPART","GRRFR","STEL","CBA","RIPPER"
NA,0.0196994167176348,0.484383338432155,0.170238658566454,4.40013979536508e-17,1.16049792716829e-25,2.92598681393384e-10,3.80678566640914e-25,1.29935504693761e-21
0.0196994167176348,NA,0.0871134182374035,2.22486647886248e-05,6.95573288008043e-13,1.64340062561964e-25,9.4663297831942e-08,6.15139203058682e-25,1.2780969229713e-21
0.484383338432155,0.0871134182374035,NA,7.3480448371916e-07,4.93231874216534e-15,1.97412042399695e-26,1.72012622898276e-08,2.18899484185406e-24,9.92416245583139e-21
0.170238658566454,2.22486647886248e-05,7.3480448371916e-07,NA,1.5874177714958e-16,3.87510192316577e-26,2.51756933112544e-10,2.11985435109879e-24,9.90864022618048e-22
4.40013979536508e-17,6.95573288008043e-13,4.93231874216534e-15,1.5874177714958e-16,NA,1.960935341812e-16,0.966706440225592,2.33808664758132e-19,2.02544937459356e-07
1.16049792716829e-25,1.64340062561964e-25,1.97412042399695e-26,3.87510192316577e-26,1.960935341812e-16,NA,7.56176822231171e-21,2.58612914565284e-07,0.11983518139796
2.92598681393384e-10,9.4663297831942e-08,1.72012622898276e-08,2.51756933112544e-10,0.966706440225592,7.56176822231171e-21,NA,2.44326494061268e-22,5.64225556899632e-10
3.80678566640914e-25,6.15139203058682e-25,2.18899484185406e-24,2.11985435109879e-24,2.33808664758132e-19,2.58612914565284e-07,2.44326494061268e-22,NA,1.20365785736552e-10
1.29935504693761e-21,1.2780969229713e-21,9.92416245583139e-21,9.90864022618048e-22,2.02544937459356e-07,0.11983518139796,5.64225556899632e-10,1.20365785736552e-10,NA
