"RF","Pre-Forest-ORE","Forest-ORE","Forest-ORE+STEL","RPART","STEL","RIPPER","SBRL"
NA,0.525672094990931,4.03460131832258e-05,0.000117096643794769,1.37550586582235e-05,5.93876330815486e-06,0.000123761367151507,7.7823010158405e-10
0.525672094990931,NA,2.09312281132344e-05,0.000144997635024039,0.000245949135111698,5.31233226584135e-06,8.21640820831981e-05,1.19161735051748e-10
4.03460131832258e-05,2.09312281132344e-05,NA,0.542957972056775,0.840899143399849,0.406156973411712,0.232485323857439,0.000469276039242593
0.000117096643794769,0.000144997635024039,0.542957972056775,NA,0.965608735134873,0.937732589083759,0.388239611931892,0.00212932339126965
1.37550586582235e-05,0.000245949135111698,0.840899143399849,0.965608735134873,NA,0.288708927366593,0.238665912824752,0.000116241838357506
5.93876330815486e-06,5.31233226584135e-06,0.406156973411712,0.937732589083759,0.288708927366593,NA,0.8185489648043,0.00772529320897278
0.000123761367151507,8.21640820831981e-05,0.232485323857439,0.388239611931892,0.238665912824752,0.8185489648043,NA,0.000178338256705729
7.7823010158405e-10,1.19161735051748e-10,0.000469276039242593,0.00212932339126965,0.000116241838357506,0.00772529320897278,0.000178338256705729,NA
