"RF","Pre-Forest-ORE","Forest-ORE","Forest-ORE+STEL","RPART","STEL","RIPPER"
NA,0.0182706842382728,0.0195438268856179,0.0188946496716617,0.0530173639137685,0.0428483529576483,0.0501489865730611
-0.0182437606828176,NA,0.00288804979804667,0.00338424587027526,0.0330840989431489,0.0291321024861432,0.0365696571166198
-0.0195431666746584,-0.00285035239113949,NA,-0.00238845156045115,0.033028605051413,0.0250498803978145,0.0300454504054042
-0.0188913826538077,-0.00339198321048053,0.00237815380378048,NA,0.0340131107004842,0.0239813248320371,0.0321960848644222
-0.0530149868169499,-0.0331000745603793,-0.033028159627488,-0.0339845815297525,NA,-0.0039333579542527,-0.000752574938730414
-0.0428398911697576,-0.0291340965754999,-0.0250029293203937,-0.0239689321040362,0.00392553282735917,NA,0.0127216890689066
-0.0502066440932419,-0.0365663953693533,-0.030048292543153,-0.0321968176756239,0.000706286025788618,-0.0127264624394497,NA
