"RF","Pre-Forest-ORE","Forest-ORE","Forest-ORE+STEL","RPART","GRRFR","STEL","CBA","RIPPER"
NA,0.00568654238440173,0.858125572875708,0.0184854579472672,2.52098437370325e-15,7.84883801046336e-20,0.0526353053224816,0.295148752241592,0.24493459928474
0.00568654238440173,NA,0.00374218310278467,5.44056192832267e-07,2.37195784718524e-12,3.13641941132739e-20,0.481147007534464,0.100347342198157,0.0455830244457926
0.858125572875708,0.00374218310278467,NA,2.89024100510465e-05,2.11279028946544e-13,1.60871119901125e-21,0.0157216809285123,0.295148927437208,0.652266780879043
0.0184854579472672,5.44056192832267e-07,2.89024100510465e-05,NA,6.6740197626283e-16,3.54366353804986e-23,9.09353666572136e-06,0.928730951364059,0.045767741205955
2.52098437370325e-15,2.37195784718524e-12,2.11279028946544e-13,6.6740197626283e-16,NA,3.90070785687117e-08,1.49459377795659e-06,2.94177190516562e-07,2.13978792069309e-07
7.84883801046336e-20,3.13641941132739e-20,1.60871119901125e-21,3.54366353804986e-23,3.90070785687117e-08,NA,7.14994063392906e-19,9.15081661351572e-14,1.02778026532111e-13
0.0526353053224816,0.481147007534464,0.0157216809285123,9.09353666572136e-06,1.49459377795659e-06,7.14994063392906e-19,NA,0.0409674504426036,0.223830309079583
0.295148752241592,0.100347342198157,0.295148927437208,0.928730951364059,2.94177190516562e-07,9.15081661351572e-14,0.0409674504426036,NA,0.818472840993971
0.24493459928474,0.0455830244457926,0.652266780879043,0.045767741205955,2.13978792069309e-07,1.02778026532111e-13,0.223830309079583,0.818472840993971,NA
