"RF","Pre-Forest-ORE","Forest-ORE","Forest-ORE+STEL","RPART","GRRFR","STEL","CBA","RIPPER"
NA,0.010215761260112,0.00285706575466713,-0.00173381454673394,0.0496014064929282,0.106777015641371,0.0251583602571091,0.0738345221761195,0.111441751718739
-0.00187881563037415,NA,-0.00195109253995486,-0.00654809220028651,0.0438248787856586,0.100805155466987,0.0202878167159304,0.063670338959128,0.106799409733245
0.00420307855008532,0.00876869356613528,NA,-0.00531345728667579,0.0368165883722336,0.105836882736584,0.0241823937830024,0.0703204905030892,0.111089027200302
0.0101645829209094,0.0149431778765427,0.010673689099904,NA,0.0418355981832156,0.11146286321647,0.0301775560818023,0.0737456689854517,0.11846872843848
-0.0241757435029009,-0.0214456673674862,-0.0212979581083304,-0.0263839866193446,NA,0.0676020925026077,-0.00563052092493978,0.0363403719194672,0.0732617193110773
-0.0790607630831968,-0.0728836398998739,-0.0768200670631136,-0.0829840896108263,-0.0411319706171446,NA,-0.0561148591331752,-0.0171012918732199,0.016158912152068
-0.00792780151383506,-0.00465910495554813,-0.00810014653715773,-0.0121652515308545,0.0205697735870318,0.0827113070307972,NA,0.05552171100282,0.092028448701499
-0.0431796848173003,-0.0365238938021175,-0.041929026405692,-0.045976499098233,-0.0105801256949867,0.045819480621734,-0.0235557274228806,NA,0.0513198446599116
-0.0744664472449789,-0.0652671777716348,-0.0697315437673232,-0.0768147572773758,-0.0252450381592809,0.027315350484193,-0.0545612442343954,-0.000534373353915717,NA
