"RF","Pre-Forest-ORE","Forest-ORE","Forest-ORE+STEL","RPART","STEL","RIPPER","SBRL"
NA,0.00307146317882702,-0.00904388945182009,-0.0125465218312874,0.0101089531051501,-0.0121164590204296,0.041003783263411,-0.0148510071968062
-0.0114341830822532,NA,-0.0105628890917797,-0.012270856379573,0.0033428354516699,-0.0122608706527721,0.0349441505828249,-0.0117072450672091
-0.00205553982363888,0.00265142456013011,NA,-0.012483677261644,0.0107621468543735,-0.00321857748889878,0.0469914502483014,-0.00427083189782887
0.000128127116568218,0.00377341200961153,0.00224936657738656,NA,0.0141286325864586,0.000211373637342479,0.0484269501645179,-0.00277909647988049
-0.0204381195427917,-0.0153109828804067,-0.023057200838915,-0.0263313598704389,NA,-0.0239084070568315,0.0263942106314467,-0.0287802363105754
-0.00360301990659485,-0.00239874740911201,-0.00768408220891008,-0.0107746149707684,0.00819161518036284,NA,0.0462370598367067,-0.00629819585760812
-0.0671474006528964,-0.0624773129434041,-0.0736756615666798,-0.077156358464871,-0.0523510561570418,-0.0783461932257024,NA,-0.0773483466575559
-0.00745259859950447,-0.00967692505791579,-0.0179867637826359,-0.0200958145545859,0.00423291571600568,-0.0171770229603152,0.0369412085853398,NA
