"RF","Pre-Forest-ORE","Forest-ORE","Forest-ORE+STEL","RPART","STEL","RIPPER","SBRL"
NA,0.00817738089572261,0.00134950953307037,-0.00065925325662417,0.0175408700827506,0.00480746893584538,0.0871919713715515,0.016704554386804
-0.00273516501742399,NA,-0.00198714637594586,-0.00404130011872578,0.0135984934759435,0.00169950093506189,0.0882657227563174,0.0151286649975473
0.00371276342823231,0.00705793969998818,NA,-0.00198342313398505,0.0162193729243231,0.00607501462389876,0.0992808265454588,0.0222147024518346
0.0077457478555941,0.00970059536133621,0.0106442517813858,NA,0.0198505600130023,0.00859446195670323,0.10154326477095,0.0269346313202643
-0.00986251650817943,-0.00542537038891964,-0.0090677515395862,-0.0124253189295868,NA,-0.0057489478041882,0.0767724915591074,0.0084566545581782
0.00418876369677973,0.0062496494870601,0.00108427570520126,-0.00124744691421569,0.0158165462136894,NA,0.0963175940776458,0.0247819281093143
-0.053334110706809,-0.0527539802168913,-0.0629581047084643,-0.0645309892473351,-0.0395288932337184,-0.0591252187788472,NA,-0.0472177750635799
0.000816775645367833,0.00320460400750277,-0.00420363413801676,-0.00693066194397355,0.0118449153467011,-0.00338059608864267,0.0849964673455713,NA
