"RF","Pre-Forest-ORE","Forest-ORE","Forest-ORE+STEL","RPART","STEL","RIPPER"
NA,0.00628857112475561,-0.00075175949943111,-0.00579660696130045,0.0337725354566045,0.0154833419915066,0.0925298851878375
-0.00626959220865047,NA,-0.00542516580808362,-0.0103980906534509,0.0311407966199775,0.0116448610382513,0.0861305437091388
0.000719037507778423,0.0054242170647191,NA,-0.00785000394308834,0.0281928849592699,0.015798886416815,0.0908331024257079
0.00579451175726643,0.0103770803189884,0.00789180200136978,NA,0.0331042939034044,0.0204266594513334,0.0968856837567064
-0.0337561667062787,-0.0311152902801851,-0.0281838289630659,-0.0331129562248098,NA,-0.0130938372748816,0.0486237792970943
-0.0154856681743084,-0.011617857021604,-0.0158029769739272,-0.0204240455399192,0.0130959758824159,NA,0.0740988040624599
-0.0924976053963369,-0.0861578541435399,-0.0908154235608855,-0.0968977558809102,-0.0486041644571837,-0.0740958842897329,NA
