"RF","Pre-Forest-ORE","Forest-ORE","Forest-ORE+STEL","RPART","STEL","RIPPER","SBRL"
NA,0.00759116581387572,-0.00241701829516177,-0.00504852878141662,0.0152110806733621,-0.00389038797481467,0.0532127049828509,-0.00327341976742208
-0.00759457650204294,NA,-0.00659312852535898,-0.00772552874179838,0.0091093514631587,-0.00472002609572585,0.0473894446297772,-0.00106790830368939
0.00242859174303593,0.00660145213863446,NA,-0.00745880205139493,0.0163959406360893,0.00201387112370785,0.0591661474696619,0.00611266616022041
0.0050269262232979,0.00773343070972014,0.007455472231356,NA,0.0196622576034211,0.00531647770493138,0.0611491123267736,0.00839815365041185
-0.0152176502151047,-0.00913491195601082,-0.016408429844138,-0.0196650615471143,NA,-0.0154740788303804,0.0373526900232207,-0.0165438308559806
0.00388394190217106,0.00475360709736876,-0.00203715052393304,-0.0052981855840098,0.0154861574581818,NA,0.0610331641737299,0.00474624563523308
-0.0532465536414081,-0.04733328009798,-0.0591304207562186,-0.0611276410307674,-0.0373324334771735,-0.0610332672419198,NA,-0.0563650194193203
0.00330489946647135,0.00108279167443966,-0.00608596137842595,-0.0083954188755709,0.0165545027555233,-0.00477912614185123,0.0563480611632459,NA
