"RF","Pre-Forest-ORE","Forest-ORE","Forest-ORE+STEL","RPART","STEL","RIPPER","SBRL"
NA,0.0038256854451631,0.308095541390228,0.0448513843935636,5.23573021967874e-07,0.315077323719522,3.14138914207269e-14,0.486096247664661
0.0038256854451631,NA,0.00194331899339588,0.000151533008118985,0.00175555970447828,0.197201116147218,1.76176145068657e-13,0.835116500152164
0.308095541390228,0.00194331899339588,NA,0.00510080294112062,7.6011831775711e-09,0.449706000944687,5.85550083916936e-18,0.265720136164415
0.0448513843935636,0.000151533008118985,0.00510080294112062,NA,9.87976452998008e-12,0.041172317538067,2.95384114500269e-18,0.145753249344189
5.23573021967874e-07,0.00175555970447828,7.6011831775711e-09,9.87976452998008e-12,NA,4.53054287397926e-05,1.21694992659028e-10,0.0104123103843952
0.315077323719522,0.197201116147218,0.449706000944687,0.041172317538067,4.53054287397926e-05,NA,5.80212980686111e-14,0.424760348901567
3.14138914207269e-14,1.76176145068657e-13,5.85550083916936e-18,2.95384114500269e-18,1.21694992659028e-10,5.80212980686111e-14,NA,2.75926225006661e-08
0.486096247664661,0.835116500152164,0.265720136164415,0.145753249344189,0.0104123103843952,0.424760348901567,2.75926225006661e-08,NA
