"RF","Pre-Forest-ORE","Forest-ORE","Forest-ORE+STEL","RPART","STEL","RIPPER","SBRL"
NA,0.0134931929561626,0.00468425196552269,0.00200406562758568,0.0288206271622584,0.0311458064169673,0.537617131864495,0.134471075969535
-0.0134570629322911,NA,-0.00149637620340488,-0.00340555572872642,0.0170081365944692,0.0283401632024241,0.546164257994557,0.129150066195055
-0.00464851128888949,0.00153138742888884,NA,-0.00831827545742447,0.0218259738430275,0.024351077818947,0.611246867621264,0.14861567205005
-0.0019981405599256,0.00342831057966454,0.00826362995018545,NA,0.0264052466572886,0.0278837491515549,0.624785323596953,0.163805098814132
-0.0287836015104214,-0.0169824333612181,-0.0218261338343605,-0.026425927210871,NA,0.00808760473317549,0.538736915488572,0.140809929101188
-0.0311568171380746,-0.0283689068054186,-0.0243461280253539,-0.027891440880278,-0.00808025471129373,NA,0.55108643471491,0.118349859384688
-0.537629535249483,-0.546164257994557,-0.611246867621264,-0.624785323596953,-0.538689450334869,-0.55108643471491,NA,-0.663570354935751
-0.134451230441669,-0.129123266239585,-0.148617128373966,-0.1637320572892,-0.14075946466866,-0.118322357356386,0.663570354935751,NA
