"RF","Pre-Forest-ORE","Forest-ORE","Forest-ORE+STEL","RPART","STEL","RIPPER"
NA,0.00376240705721008,0.69204763784039,0.00579134194662801,2.96592308383927e-16,2.21900908219393e-05,1.01738276784311e-16
0.00376240705721008,NA,0.00383811092064677,8.00688963962754e-07,2.72638220404838e-12,0.000999745142388043,4.65850890143182e-15
0.69204763784039,0.00383811092064677,NA,1.76488387740305e-07,8.37082252663818e-17,5.3132989825006e-05,1.28442473215447e-15
0.00579134194662801,8.00688963962754e-07,1.76488387740305e-07,NA,2.96847612802441e-19,1.33312609680289e-06,7.20481227441257e-17
2.96592308383927e-16,2.72638220404838e-12,8.37082252663818e-17,2.96847612802441e-19,NA,0.000379776940383948,4.01438566962211e-05
2.21900908219393e-05,0.000999745142388043,5.3132989825006e-05,1.33312609680289e-06,0.000379776940383948,NA,1.90355140736084e-11
1.01738276784311e-16,4.65850890143182e-15,1.28442473215447e-15,7.20481227441257e-17,4.01438566962211e-05,1.90355140736084e-11,NA
