"RF","Pre-Forest-ORE","Forest-ORE","Forest-ORE+STEL","RPART","STEL","RIPPER"
NA,0.0970284377579299,0.0495639991484033,0.0694513792180447,NA,0.138438823183805,0.53695695780233
-0.0970284377579299,NA,0.0349442861817614,0.0579807125204725,-0.0970284377579299,0.117428972453788,0.533534931630158
-0.049544774239218,-0.0349477470644084,NA,0.0385487580425752,-0.049544774239218,0.0834860232516252,0.490006830909664
-0.0694473227672555,-0.0579920970705853,-0.0385487580425752,NA,-0.0694473227672555,0.0445382374728573,0.472031754698698
NA,0.0970284377579299,0.0495639991484033,0.0694513792180447,NA,0.138438823183805,0.53695695780233
-0.138438823183805,-0.117460280132122,-0.0834955359751525,-0.0445311585301797,-0.138438823183805,NA,0.392942150681018
-0.53699388314574,-0.533567977443836,-0.490006830909664,-0.472031754698698,-0.53699388314574,-0.392942150681018,NA
