"RF","Pre-Forest-ORE","Forest-ORE","Forest-ORE+STEL","RPART","STEL","RIPPER","SBRL"
NA,0.000202068096557686,0.271258036133853,0.630169017533003,5.48482431816113e-07,0.000825292942099456,3.15311863757067e-25,6.79178506476721e-11
0.000202068096557686,NA,0.725690137370137,0.400159823126169,0.0059555075131074,0.00287313971254879,4.41585198504551e-26,8.33278923132847e-10
0.271258036133853,0.725690137370137,NA,0.0731103763786888,0.000335530048347827,0.00131495417109156,7.22811027434328e-26,6.31922560503815e-10
0.630169017533003,0.400159823126169,0.0731103763786888,NA,2.69505119702374e-05,0.000408201837932246,7.23825151614017e-26,6.5966618857062e-10
5.48482431816113e-07,0.0059555075131074,0.000335530048347827,2.69505119702374e-05,NA,0.466525883530004,4.41666503538769e-26,6.52066825189599e-09
0.000825292942099456,0.00287313971254879,0.00131495417109156,0.000408201837932246,0.466525883530004,NA,2.95199955359324e-22,0.000114464373891861
3.15311863757067e-25,4.41585198504551e-26,7.22811027434328e-26,7.23825151614017e-26,4.41666503538769e-26,2.95199955359324e-22,NA,1.1307073057336e-14
6.79178506476721e-11,8.33278923132847e-10,6.31922560503815e-10,6.5966618857062e-10,6.52066825189599e-09,0.000114464373891861,1.1307073057336e-14,NA
