"RF","Pre-Forest-ORE","Forest-ORE","Forest-ORE+STEL","RPART","GRRFR","STEL","CBA","RIPPER"
NA,0.00142537295350803,-0.00497928541096622,-0.0141624821465266,0.0405025974629713,0.172335130114582,0.0357639441894544,0.296051198162362,0.129721164953313
-0.0157799452012034,NA,-0.0131593054693748,-0.0287048933924601,0.0391434636156833,0.172271388657568,0.0305024728954449,0.291806973500238,0.134347254957109
-0.00796091263774515,-0.000808471404547581,NA,-0.0223302385098201,0.0389532636034857,0.181380853319074,0.0337269513385585,0.302776836389726,0.133820093032704
-0.00215453639893239,0.0103901871998425,0.00857821677920589,NA,0.0451436935027121,0.197638894263817,0.0429542154681169,0.316780976143611,0.150141951264062
-0.0675709451222058,-0.0738774363968428,-0.0707163082830557,-0.0827567795521212,NA,0.112204779269109,-0.0156525134209093,0.230927791459843,0.0562650267279827
-0.241698802870646,-0.238891881612881,-0.247027459292049,-0.266088294095091,-0.181762791482131,NA,-0.183443298413875,0.0835381362321661,-0.0768051946011531
-0.0726995302631349,-0.0737919277728848,-0.0755934668469969,-0.0876791697810429,-0.0157573225511937,0.122200321810405,NA,0.246294000538462,0.0726407252861306
-0.400086662790327,-0.412150100887669,-0.411710977594206,-0.433698463051984,-0.34762263316904,-0.176809046998902,-0.340161513176092,NA,-0.241608794457403
-0.228026455863587,-0.223048344259702,-0.236380568792189,-0.251585991145139,-0.173657829400938,-0.00947942997623327,-0.155605641137084,0.120580934303524,NA
