"RF","Pre-Forest-ORE","Forest-ORE","Forest-ORE+STEL","RPART","GRRFR","STEL","CBA","RIPPER"
NA,0.00881809902852625,0.000814285945388904,-0.0121457919038835,0.0440189541132969,0.102885334993214,0.0126086838646163,-0.0121584840761845,-0.00906136016842243
-0.00882879954477752,NA,-0.00966759621075777,-0.0243910551019317,0.0400021318273022,0.0919360028807171,0.00451179467195297,-0.0190296377172343,-0.017124726098208
-0.000785827858631184,0.00972600747679164,NA,-0.0150913324362048,0.0496686938550321,0.106376428362159,0.015761841446336,-0.00995315952547291,-0.00352321036900309
0.0121532163329425,0.0243921494213366,0.0150707933996249,NA,0.0664943569462022,0.124537303904919,0.0322635536676683,-0.0008247349552552,0.0178338872910891
-0.0439906425718087,-0.0400296044981506,-0.049634776114695,-0.0665152516993513,NA,0.0502365210619286,-0.0351109887008453,-0.0591465467902509,-0.0637474246197762
-0.102878142603533,-0.0919835418898945,-0.106405841265504,-0.124521007853806,-0.0502593952132604,NA,-0.0960016467962527,-0.114530696927694,-0.102914534755258
-0.012609713271167,-0.00456906194781609,-0.0157711089692734,-0.0322671392675906,0.0351003860659269,0.0959492252839883,NA,-0.025348506194482,-0.0116390643000774
0.0121329408648234,0.0190077350959961,0.00990797246091132,0.000835985066098716,0.0591134115328486,0.114557928313825,0.025325150004185,NA,-0.00339734924037252
0.00901738011798785,0.0171230989581101,0.00356367972549139,-0.0178514415440341,0.0637586462422228,0.102902699854124,0.0116002442027361,0.00335534365888867,NA
