"RF","Pre-Forest-ORE","Forest-ORE","Forest-ORE+STEL","RPART","STEL","RIPPER","SBRL"
NA,0.00307586332517494,0.00545033948667855,0.00660060969232808,0.00986251650817943,0.00681682774245434,0.00751756547534039,0.0108938860433884
-0.0086215297732447,NA,0.00142250062610972,0.00233332450885832,0.00522999376196024,0.00348032894918124,0.00461139893013274,0.00835725779982862
-0.0116469809925043,-0.00804156811230544,NA,-0.00212092511913364,-0.000252723229029098,-0.00330062055014409,-0.000227051270066086,0.00244743767842533
-0.0131894300435895,-0.00890963373081088,-0.00603095264421583,NA,-0.000340076295947124,-0.00454778363893412,-0.00140647351046906,0.000807280320969777
-0.0175408700827506,-0.0135479668101166,-0.00842642795159907,-0.00820294824652142,NA,-0.00525139173477277,-0.00429358144449657,-0.00184429981504654
-0.0143653518406363,-0.012236978255812,-0.00518212860895539,-0.00348200637161973,-0.00237323170178592,NA,-0.0021924917669587,1.0085918634346e-05
-0.0175521001086653,-0.0145912299431226,-0.0093614231110975,-0.008324933173413,-0.00573475037178755,-0.00942452623890604,NA,0.000552660025752334
-0.024433762958655,-0.0219305589588388,-0.0145042581709786,-0.0132247312135358,-0.0115996920648013,-0.0130554150552454,-0.0118311711170877,NA
