"RF","Pre-Forest-ORE","Forest-ORE","Forest-ORE+STEL","RPART","GRRFR","STEL","CBA","RIPPER"
NA,0.0167377684745418,0.0322112816563527,0.0332590582832453,0.0496014064929282,0.112787229080776,0.0469256731108351,0.127893674636703,0.0590853496920499
-0.00748610764241599,NA,0.0187017232151144,0.0272518044641971,0.0291205869758458,0.104890678237889,0.0414548450103805,0.115600337223166,0.0448952603733384
-0.0197146161786977,-0.00985417529098559,NA,0.0133511645746131,0.00771015350517718,0.0887451762634966,0.0233725759253023,0.102657101591212,0.0256376653629811
-0.0206633273925133,-0.0144430632883489,-2.06509327525034e-05,NA,0.00607993684344184,0.0744142924987327,0.01998966550926,0.092296521239308,0.0260603781062865
-0.0241757435029009,-0.0117881269539784,0.0029377476349894,0.00640554078645238,NA,0.0797655260111226,0.0153207628649562,0.0934249166829277,0.0172000219025503
-0.082962340743117,-0.0749851842600416,-0.0608243611857007,-0.0534812890995649,-0.0510080165300906,NA,-0.038080402832914,0.0227429470301176,-0.0367778765756145
-0.0286535962744677,-0.0216513703797883,-0.00732552520355325,-0.00651637903681978,-0.000638101137868991,0.0634188659877749,NA,0.0778629426507919,0.0137712065292256
-0.093355116436266,-0.0838367603115236,-0.071434147798187,-0.067169870413233,-0.0611224690827361,0.00219466519460623,-0.0521411856854522,NA,-0.0414426836083412
-0.0337576645893162,-0.0188942523343508,-0.00703880553884448,-0.00715071567781993,0.0039601028428219,0.0639400848243943,0.00316731904955799,0.0684746138623288,NA
