"RF","Pre-Forest-ORE","Forest-ORE","Forest-ORE+STEL","RPART","GRRFR","STEL","CBA","RIPPER"
NA,1.01081453525572e-08,4.10096130823534e-20,4.64488394500292e-19,4.40013979536508e-17,4.44903605946883e-26,3.14807200280149e-20,4.29908436898784e-25,1.34640460923087e-19
1.01081453525572e-08,NA,4.46499855749494e-10,5.0514343377005e-12,1.69379056233568e-08,2.50286602325766e-25,3.75569210032147e-16,9.19699614760578e-25,2.55321767600859e-11
4.10096130823534e-20,4.46499855749494e-10,NA,0.0196794164971711,0.441650306221721,2.47131645604549e-20,1.23829295683855e-05,3.51696056604153e-23,0.0005508641806332
4.64488394500292e-19,5.0514343377005e-12,0.0196794164971711,NA,0.122466257781074,2.31296069019244e-19,6.43565001516433e-05,4.72259423065989e-23,0.00483066114322696
4.40013979536508e-17,1.69379056233568e-08,0.441650306221721,0.122466257781074,NA,1.02375584572651e-18,0.000121669572140287,9.02040480923134e-20,0.00443842603364873
4.44903605946883e-26,2.50286602325766e-25,2.47131645604549e-20,2.31296069019244e-19,1.02375584572651e-18,NA,2.57609232282568e-15,0.170531100992817,1.89800354209151e-12
3.14807200280149e-20,3.75569210032147e-16,1.23829295683855e-05,6.43565001516433e-05,0.000121669572140287,2.57609232282568e-15,NA,1.62729490693289e-20,0.99515205879201
4.29908436898784e-25,9.19699614760578e-25,3.51696056604153e-23,4.72259423065989e-23,9.02040480923134e-20,0.170531100992817,1.62729490693289e-20,NA,3.59576723894663e-20
1.34640460923087e-19,2.55321767600859e-11,0.0005508641806332,0.00483066114322696,0.00443842603364873,1.89800354209151e-12,0.99515205879201,3.59576723894663e-20,NA
