"RF","Pre-Forest-ORE","Forest-ORE","Forest-ORE+STEL","RPART","STEL","RIPPER"
NA,1.18243540509204e-07,1.57936725594855e-26,7.42750721642145e-27,NA,3.49853076389071e-27,5.27796907592991e-28
1.18243540509204e-07,NA,1.57181014096506e-26,7.41714188279345e-27,1.18243540509204e-07,5.01303928189286e-24,1.48141724106044e-27
1.57936725594855e-26,1.57181014096506e-26,NA,1.68999276094396e-13,1.57936725594855e-26,3.05840630958458e-12,2.47581572079236e-27
7.42750721642145e-27,7.41714188279345e-27,1.68999276094396e-13,NA,7.42750721642145e-27,8.46748051985981e-05,1.71910026399687e-23
NA,1.18243540509204e-07,1.57936725594855e-26,7.42750721642145e-27,NA,3.49853076389071e-27,5.27796907592991e-28
3.49853076389071e-27,5.01303928189286e-24,3.05840630958458e-12,8.46748051985981e-05,3.49853076389071e-27,NA,1.17810775962478e-22
5.27796907592991e-28,1.48141724106044e-27,2.47581572079236e-27,1.71910026399687e-23,5.27796907592991e-28,1.17810775962478e-22,NA
