"RF","Pre-Forest-ORE","Forest-ORE","Forest-ORE+STEL","RPART","STEL","RIPPER"
NA,4.33486175409312e-06,1.6260646964061e-14,5.17834018161628e-16,1.23439060531175e-15,6.78078273982343e-20,5.32265595486325e-14
4.33486175409312e-06,NA,1.41057170014006e-06,2.34194300248013e-08,1.75827765931023e-09,7.33191041003136e-13,0.000149641566268074
1.6260646964061e-14,1.41057170014006e-06,NA,0.00896435357281872,0.610613818461948,7.24249386134248e-07,0.57125640326815
5.17834018161628e-16,2.34194300248013e-08,0.00896435357281872,NA,0.116039198779511,4.97491403224311e-06,0.462230809789901
1.23439060531175e-15,1.75827765931023e-09,0.610613818461948,0.116039198779511,NA,8.29821797635117e-05,0.903587944830711
6.78078273982343e-20,7.33191041003136e-13,7.24249386134248e-07,4.97491403224311e-06,8.29821797635117e-05,NA,0.000542217596434308
5.32265595486325e-14,0.000149641566268074,0.57125640326815,0.462230809789901,0.903587944830711,0.000542217596434308,NA
