"RF","Pre-Forest-ORE","Forest-ORE","Forest-ORE+STEL","RPART","GRRFR","STEL","CBA","RIPPER"
NA,0.00887895236514098,0.00213063180346361,-0.0053798745329528,0.0518210845577071,0.205027509613789,0.0530317373881426,0.352675932737372,0.171596733956
-0.00883718134839202,NA,-0.00630611581760602,-0.0193963048022483,0.0565373303913673,0.20344503443764,0.0508690850930123,0.359223755409101,0.176885262822429
-0.0021296660799004,0.00630789357340661,NA,-0.0143361284219714,0.05317969462184,0.212921727475088,0.0521242663289444,0.362463882838395,0.182774393940029
0.00537395450390646,0.0194074798659387,0.0143109759835958,NA,0.0606959520502237,0.230794125003795,0.0620014109883877,0.377873077665584,0.199623811808213
-0.0518627697993749,-0.0565451516603213,-0.0532112359217274,-0.0607174521027295,NA,0.145911175849134,-0.0003440624837466,0.289564801188381,0.101888049994361
-0.205024240432902,-0.20344862164463,-0.212909642372683,-0.230808136663132,-0.145903003990066,NA,-0.150600702095549,0.131562851868733,-0.0348951181708858
-0.0530200528547056,-0.0508773673486756,-0.0521072930690904,-0.0620369138576141,0.000348760227494348,0.150569351028264,NA,0.295010240204335,0.107741919254241
-0.352653729847772,-0.359229848638908,-0.362497111496623,-0.377935609473006,-0.289680016376525,-0.131500273468122,-0.294980973752759,NA,-0.184686662908971
-0.171614989804782,-0.176875500722858,-0.182735170080448,-0.199594691480129,-0.101920307743078,0.0349073204769385,-0.107695390255383,0.184730443794677,NA
