"RF","Pre-Forest-ORE","Forest-ORE","Forest-ORE+STEL","RPART","STEL","RIPPER","SBRL"
NA,0.00495131993597215,0.0176407304869826,0.0189300527232187,0.0182236522932867,0.0214480316225633,0.0222252033536565,0.0395972430391969
0.00267892257842132,NA,0.0186036902287165,0.0193086772238989,0.0195500118094694,0.0241818910826969,0.0221037850636562,0.0380976979954563
-0.00655765512776397,-0.00714085855274579,NA,0.00769511623448801,0.00642356647558889,0.00699257943728497,0.00936967100772665,0.025222909502132
-0.0065720182015874,-0.00629895261181574,0.00480518591959255,NA,0.0064282130587796,0.00505516006580361,0.00886654011688479,0.0236705515478076
-0.00717973988215633,-0.00646257614860044,0.00532879903398574,0.0061213782948273,NA,0.0107739082196414,0.0115914480326237,0.0298588312930716
-0.00978403949348112,-0.00985650895281758,0.0025853166585186,0.00441568631469297,0.00292064429012731,NA,0.00699077137659553,0.0207047608759485
-0.00799406765735594,-0.00767928611328208,0.00246117718635763,0.00334317435221818,0.00245117131993911,0.00532497992832021,NA,0.0223892295138963
-0.0228985968989939,-0.0206135453312872,-0.00693846839573467,-0.00526442622129069,-0.0100973286751177,-0.00306204049700744,-0.00739810216679436,NA
